1,aa1,1234,만수르1,0,2024-01-01,내용입니다.
2,aa2,1234,만수르2,0,2024-01-02,내용입니다.
3,aa3,1234,만수르3,0,2024-01-03,내용입니다.
4,aa4,1234,만수르4,0,2024-01-04,내용입니다.
5,aa5,1234,만수르5,0,2024-01-05,내용입니다.
6,aa6,1234,만수르6,0,2024-01-06,내용입니다.
7,aa7,1234,만수르7,0,2024-01-07,내용입니다.
8,aa8,1234,만수르8,0,2024-11-01,내용입니다.
9,aa9,1234,만수르9,0,2024-11-02,내용입니다.
10,aa10,1234,만수르10,0,2024-11-03,내용입니다.
11,aa11,1234,만수르11,0,2024-11-24,내용입니다.
12,aa12,1234,만수르12,0,2024-12-05,내용입니다.
13,aa13,1234,만수르13,0,2024-12-06,내용입니다.
14,aa14,1234,만수르14,0,2025-01-17,내용입니다.
15,aa15,1234,만수르15,0,2025-01-18,내용입니다.
16,aa16,1234,만수르16,0,2025-01-19,내용입니다.
17,aa17,1234,만수르17,0,2025-01-20,내용입니다.
18,aa18,1234,만수르18,0,2025-02-05,내용입니다.
19,aa19,1234,만수르19,0,2025-02-06,내용입니다.
20,aa20,1234,만수르20,0,2025-02-07,내용입니다.
21,aa21,1234,만수르21,0,2025-02-08,내용입니다.
22,aa22,1234,만수르22,0,2025-02-09,내용입니다.
23,aa23,1234,만수르23,0,2025-03-10,내용입니다.
